https://upload.wikimedia.org/wikipedia/en/thumb/9/94/Cersei_Lannister-Lena_Headey.jpg/220px-Cersei_Lannister-Lena_Headey.jpg;
https://fsmedia.imgix.net/a6/28/99/81/c14e/4d00/89da/dfc8b0df28e6/cersei-lannister-played-by-lena-headey-the-best-anti-hero-on-tv.jpeg?crop=faces&fit=crop&auto=format%2Ccompress&dpr=2&h=325&w=650;
https://i.pinimg.com/originals/9a/4c/10/9a4c1004db2accea7b6acbb9e2fd055f.jpg;
https://img.elcomercio.pe/files/article_content_ec_fotos/uploads/2019/04/30/5cc8b241572ab.jpeg;
https://c.ndtvimg.com/2019-05/5elmgnng_game-of-thrones-hbo-via-wp-_625x300_04_May_19.jpg;
https://upload.wikimedia.org/wikipedia/pt/thumb/5/5b/Cersei-Lannister.jpg/220px-Cersei-Lannister.jpg;
https://cdn.images.express.co.uk/img/dynamic/20/590x/Game-of-Thrones-season-8-episode-4-Cersei-Lannister-killed-1123261.jpg?r=1557132500063;
https://www.pinkvilla.com/files/styles/contentpreview/public/IMG-2513%20%281%29.JPG?itok=BEtAJOiI;
https://cdn.superaficionados.com/imagenes/las-teorias-sobre-el-destino-de-cersei-lannister-og.jpg;
https://www.abc.es/media/play/2019/05/06/cersei-lannister-1158321-1280x0-kZhC--510x287@abc.jpeg;
https://img.peru21.pe/files/ec_article_multimedia_gallery/uploads/2019/04/29/5cc68beb2ef6c.jpeg;
https://hips.hearstapps.com/hmg-prod.s3.amazonaws.com/images/04-cersei-2-w700-h700-1556636160.jpg?crop=1xw:1xh;center,top&resize=480:*
https://cdn.hiptoro.com/wp-content/uploads/2019/05/Cersei-Lannister.jpg;
https://vignette.wikia.nocookie.net/hieloyfuego/images/5/51/Cersei_Lannister_HBO.JPG/revision/latest/scale-to-width-down/260?cb=20120707045309;
https://img.elcomercio.pe/files/ec_article_multimedia_gallery/uploads/2019/05/02/5ccb338a7a7f7.jpeg;
https://a1cf74336522e87f135f-2f21ace9a6cf0052456644b80fa06d4f.ssl.cf2.rackcdn.com/images/characters/p-game-of-thrones-lena-headey.jpg;
https://www.hbo.com/content/dam/hbodata/series/game-of-thrones/character/s5/cersei-lannister-1920.jpg/_jcr_content/renditions/cq5dam.web.1200.675.jpeg;
https://s1.r29static.com//bin/entry/4bb/430x516,85/1431611/image.webp;
https://i.dailymail.co.uk/1s/2019/05/06/06/13136956-6996467-image-m-61_1557120584573.jpg;
https://hips.hearstapps.com/es.h-cdn.co/fotoes/images/cinefilia/juego-de-tronos-temporada-6-profecia-cersei-valonqar/109173349-1-esl-ES/Las-teorias-sobre-Cersei-Lannister-y-el-Valonqar-de-la-profecia-en-Juego-de-Tronos.jpg?crop=1xw:0.8888888888888888xh;center,top&resize=480:*
https://img.peru21.pe/files/ec_article_multimedia_gallery/uploads/2019/04/29/5cc68bead5f92.jpeg;
https://happyfm.es/wp-content/uploads/2018/08/juego-de-tronos-cersei-lannister-y-una-poderosa-pareja-de-baile-01.jpg;
https://pbs.twimg.com/profile_images/1017904330941321218/eI72n2UG.jpg;
https://img.buzzfeed.com/buzzfeed-static/static/2017-08/11/16/asset/buzzfeed-prod-fastlane-03/sub-buzz-11203-1502481710-2.jpg?downsize=700:*&output-format=auto&output-quality=auto;
https://www.ecestaticos.com/imagestatic/clipping/5d4/873/5d48736fd8c6e41f4ba1df6a2351921b/imagen-sin-titulo.jpg?mtime=1557119373;
https://upload.wikimedia.org/wikipedia/commons/thumb/6/66/NTF_2014_-_Miss_Kit_Quinn_%2815775881126%29.jpg/245px-NTF_2014_-_Miss_Kit_Quinn_%2815775881126%29.jpg;
https://i.ytimg.com/vi/0FqDPhkIqBE/maxresdefault.jpg;
https://i.pinimg.com/originals/62/cc/df/62ccdf036b669d99143c7fe93ba94706.jpg;
https://fsmedia.imgix.net/41/fc/6c/68/022e/4595/a765/8b4b68ee148f/cersei-lannister-in-dragonstone-the-first-episode-of-season-7-i-understand-were-in-a-war-for-s.png?auto=format%2Ccompress&dpr=2&w=650;
https://cdn.images.express.co.uk/img/dynamic/20/590x/Cersei-899770.jpg;
https://e00-elmundo.uecdn.es/assets/multimedia/imagenes/2016/06/03/14649662282962_997x0.jpg;
https://img.thedailybeast.com/image/upload/c_crop,d_placeholder_euli9k,h_1687,w_3000,x_0,y_0/dpr_1.5/c_limit,w_1044/fl_lossy,q_auto/v1549963866/190211-stern-heady-tease_ulklaf;
https://fotografias.antena3.com/clipping/cmsimages01/2012/08/21/064D48C5-BEB7-4111-888B-C2470501BC26/58.jpg;
https://static.tvtropes.org/pmwiki/pub/images/cersei_lannister_s7.png;
https://img.europapress.es/fotoweb/fotonoticia_20170904133954_640.jpg;
https://elcomercio.pe/files/listing_ec_flujo_xx/uploads/2019/05/01/5cc9cecb116e1.jpeg;
https://cdn.images.express.co.uk/img/dynamic/20/590x/Game-of-Thrones-Cersei-Lannister-Lena-Headey-Daenerys-978695.jpg?r=1533312511633;
https://www.ecestaticos.com/imagestatic/clipping/1d1/1fa/1d11faf8fb8f52edb8046036dfd85ff0/imagen-sin-titulo.jpg?mtime=1557117519;
https://cdn2.glamour.es/uploads/images/thumbs/es/glam/4/s/2017/35/cersei_lannister_6211_1200x630.jpg;
https://www.machinegun.es/products_img/34911/C_6.jpg;
https://playfm.cl/playfm/site/artic/20170831/imag/foto_0000000320170831153509.jpg;
https://s4.eestatic.com/2018/01/11/actualidad/Actualidad_276484367_60074980_1024x576.jpg;
https://i.pinimg.com/originals/c4/3f/e1/c43fe124f8f975922c0ad37f9489664e.jpg;
https://e00-marca.uecdn.es/assets/multimedia/imagenes/2017/08/31/15041905805748.jpg;
http://images6.fanpop.com/image/photos/37400000/Cersei-Lannister-cersei-lannister-37474921-4912-7360.jpg;
https://e.rpp-noticias.io/normal/2016/04/08/062006_115236.jpg;
https://img.peru21.pe/files/ec_article_multimedia_gallery/uploads/2019/04/29/5cc68beb1742b.jpeg;
https://media.vogue.mx/photos/5ca61d4d41573abbc3c67f2d/16:9/w_1920,c_limit/cersei-lannister.jpg;
https://hips.hearstapps.com/hmg-prod.s3.amazonaws.com/images/lena-headey-cersei-lannister-game-of-thrones-season-8-1553173898.jpg?resize=480:*;
https://3.bp.blogspot.com/-_5x2AI6BP98/WaEcOyzoP8I/AAAAAAACCfA/rYsMEL5DJZwII3wd1DRx4xYNFr3SNz1eQCLcBGAs/s1600/Cersei%2BLannister%2B004.png;
https://hips.hearstapps.com/hmg-prod.s3.amazonaws.com/images/cersei-lannister-1548793059.jpg?crop=0.75xw:1xh;center,top&resize=480:*
https://www.sideshow.com/product-asset/903601/feature;
https://i1.wp.com/www.sopitas.com/wp-content/uploads/2019/04/cersei-lannister-ausente-premiere-game-of-thrones-1.jpg;
https://cdn.superaficionados.com/imagenes/euron-greyjoy-1920-cke.jpg;
https://i2.wp.com/thefilmera.com/wp-content/uploads/2019/02/Game-of-Thrones_Cersei-Lannister-2-1-2158875165-1550372837207.jpg?resize=1170%2C585&ssl=1;
https://staticuestudio.blob.core.windows.net/buhomag/2016/06/16093251/cersei.jpg?auto=compress,format;
https://s1.r29static.com//bin/entry/a05/0,0,2000,2400/720x864,85/1856261/image.webp;
https://cdna.artstation.com/p/assets/images/images/005/815/092/large/lewis-richards-cerseidone.jpg?1493945600;
https://cde.laprensa.e3.pe/ima/0/0/1/8/0/180837.jpg;
https://e00-marca.uecdn.es/assets/multimedia/imagenes/2017/11/06/15099961696403.jpg;
https://images-na.ssl-images-amazon.com/images/I/51pdqMBR9AL.jpg;
https://cdn.hiptoro.com/wp-content/uploads/2019/04/Game-of-Thrones-24-711x400.png;
http://www.lestopettes.com/wp-content/uploads/2015/04/Cersei-Lannister.jpg;
https://e00-elmundo.uecdn.es/assets/multimedia/imagenes/2015/06/19/14347251530151.jpg;
https://s.newsweek.com/sites/www.newsweek.com/files/styles/full/public/2019/04/30/arya-melisandre-cersei-lannister-green-eyes-prophecy.jpg;
https://www.mundiario.com/media/mundiario/images/2017/03/01/2017030105000920770.jpg;
https://bucket3.glanacion.com/anexos/fotos/59/2924759w380.jpg;
https://img.elcomercio.pe/files/ec_article_multimedia_gallery/uploads/2019/03/07/5c812e5463d85.jpeg;
https://i.ytimg.com/vi/-cVrYZZ5pKM/maxresdefault.jpg;
https://pixel.nymag.com/imgs/daily/vulture/2015/04/09/09-cersei-lannister.w710.h473.2x.jpg;
https://fotografias.antena3.com/clipping/cmsimages02/2018/09/20/38AC3CB2-2F5A-4B0B-BF32-E21B07BE5DFE/58.jpg;
https://hips.hearstapps.com/es.h-cdn.co/fotoes/images/noticias-cine/quien-interpretara-a-cersei-lannister-de-joven-en-juego-de-tronos/33748160-2-esl-ES/Quien-interpretara-a-Cersei-Lannister-de-joven-en-Juego-de-Tronos.jpg;
https://rec-eph.primerahora.com/images/tnph3/615/304/1/1/615/304/2019/04/20/cropw0h0lannister.jpg;
https://amp.businessinsider.com/images/59b7f4bc9803c578288b45a6-750-563.jpg;
https://s2.r29static.com//bin/entry/06c/720x864,85/1841527/image.webp;
http://resize1-doctissimocom.ladmedia.fr/r/624,600,forcey,center-middle,ffffff/img/var/doctissimo/storage/images/common/belleza/galerias-belleza/peinados-juego-de-tronos/peinado-romantico-de-cersei-lannister/533601-1-esl-ES/el-peinado-romantico-de-cersei-lannister.jpg;
https://i.ytimg.com/vi/oR_5eYRd31M/hqdefault.jpg;
https://www.thoughtco.com/thmb/_7ufh-uPZcNxRkn7gfoRFU_Zhnc=/768x0/filters:no_upscale():max_bytes(150000):strip_icc()/Cersei-Lannister-58bace095f9b58af5cb66499.jpg;
https://www.las2orillas.co/wp-content/uploads/2016/06/got.jpg;
https://i.ytimg.com/vi/paaFuImPtzU/hqdefault.jpg;
https://s3.r29static.com//bin/entry/8a5/720x864,85/1821947/image.webp;
https://pbs.twimg.com/profile_images/378800000210612860/97d293cec2e5d44b230d1d52e463e76d_400x400.gif;
https://imagesvc.timeincapp.com/v3/fan/image?url=https%3A%2F%2Fwinteriscoming.net%2Ffiles%2F2017%2F04%2FGame-of-Thrones-Season-7-Long-Walk-Official-Promo-HBO-1545-2.jpg&c=sc&w=736&h=485;
http://images6.fanpop.com/image/photos/37200000/Cersei-Lannister-Season-2-cersei-lannister-37245748-1997-3001.jpg;
https://www.kikelin.com/wp-content/uploads/2018/09/Cersei-Lannister-2.jpg;
https://cde.laprensa.e3.pe/ima/0/0/1/3/7/137373.jpg;
https://www.rockandpop.cl/wp-content/uploads/2018/02/reencuentro-e1518449161375-400x360.png;
https://i.pinimg.com/originals/90/84/b6/9084b6c11594e08029d2eefb07bba480.jpg;
https://pixel.nymag.com/imgs/daily/vulture/2015/04/09/09-cersei-lannister.w700.h700.jpg;
https://i.ytimg.com/vi/ZaaX4ow2j4I/hqdefault.jpg;
https://www.abc.es/media/play/2019/05/06/jaimecersei-kZhC--510x287@abc.jpg;
http://culto.latercera.com/wp-content/uploads/2017/08/profeciacerseiok-900x600.png;
https://www.thewrap.com/wp-content/uploads/2018/07/cersei_lannister-1.jpg;
https://i.ytimg.com/vi/MxQ4Q_aoE2c/maxresdefault.jpg;
https://fotografias.lasexta.com/clipping/cmsimages01/2019/02/23/CAA64B09-E278-4B0B-99D5-1015138A23CC/58.jpg;
https://img.elcomercio.pe/files/ec_article_multimedia_gallery/uploads/2019/03/07/5c812e58302bc.jpeg;
https://cdn.images.express.co.uk/img/dynamic/20/590x/Cersei-919046.jpg;
https://cdn2.glamour.es/uploads/images/thumbs/es/glam/4/s/2017/35/cersei_lannister_6770_620x930.jpg;
https://i.pinimg.com/originals/ab/88/7b/ab887bb36cb64afbe7d443912b717340.jpg;
https://cde.laprensa.e3.pe/ima/0/0/1/3/9/139398.jpg;
https://cde.laprensa.e3.pe/ima/0/0/1/3/7/137373.jpg;
https://s3.r29static.com//bin/entry/8a5/720x864,85/1821947/image.webp;
https://www.formulatv.com/images/videos/15000/n15532-q1.jpg;
https://amp.businessinsider.com/images/59b7f4bc9803c578288b45a6-750-563.jpg;
https://cdn.images.express.co.uk/img/dynamic/20/590x/Cersei-Lannister-Lena-Headey-1066906.jpg?r=1546550650146;
https://timedotcom.files.wordpress.com/2017/08/game-of-thrones-eastwatch-cersei-jamie-lannister-02.jpg?quality=85;
https://www.mujerhoy.com/noticias/201604/06/media/cortadas/Cersei-Lannister--476x714.jpg;
https://66.media.tumblr.com/6323e2ce5c3cdff68c44bd47a046a667/tumblr_ouyrhfgiZa1tf5kqco6_250.png;
https://hips.hearstapps.com/hmg-prod.s3.amazonaws.com/images/theory-1553611075.jpg?crop=0.502xw:1.00xh;0.498xw,0&resize=480:*
https://s04.s3c.es/imag/_v0/770x420/9/4/8/gonzo-salvados.jpg;
https://www.thoughtco.com/thmb/_7ufh-uPZcNxRkn7gfoRFU_Zhnc=/768x0/filters:no_upscale():max_bytes(150000):strip_icc()/Cersei-Lannister-58bace095f9b58af5cb66499.jpg;
https://www.abc.es/media/play/2017/08/29/juegotronos_7x07-kRLG--620x349@abc.jpg;
https://static.t13.cl/images/original/2019/04/1555429635-game-of-thrones-8x01-cmo-avanza-embarazo-de-cersei-lannister.jpg;
https://cdn.20m.es/img2/recortes/2017/09/27/548982-944-696.jpg;
http://resize2-doctissimocom.ladmedia.fr/r/624,600,forcey,center-middle,ffffff/img/var/doctissimo/storage/images/common/belleza/galerias-belleza/peinados-juego-de-tronos/el-mono-trenzado-de-cersei-lannister/533425-1-esl-ES/el-mono-trenzado-de-cersei-lannister.jpg;
https://cdn.hobbyconsolas.com/sites/navi.axelspringer.es/public/media/image/2014/08/369012-top-chicas-juego-tronos-cersei-lannister.jpg;
https://fotografias.lasexta.com/clipping/cmsimages01/2016/05/27/F3260B51-069A-4D37-A937-64FBAFA29508/58.jpg;
https://cdn.vox-cdn.com/thumbor/m5e8bOWX9lmk54rqv6zD1HkRvPI=/0x0:3150x2100/1200x800/filters:focal(1323x798:1827x1302)/cdn.vox-cdn.com/uploads/chorus_image/image/63373635/7_6_MBP.0.jpg;
https://www.instyle.es/medio/2019/04/01/juego-de-tronos_cd6ae126_1280x721.jpg;
https://multimedia.larepublica.pe/342x192/larepublica/imagen/2019/04/04/noticia-1554396459-frase.png;
https://rtvc-assets-radionica3.s3.amazonaws.com/s3fs-public/styles/image_750x422/public/senalradionica/articulo-noticia/galeriaimagen/jon_snow_as_cersei_lannister.jpg?itok=UfL52OAL;
https://sm.ign.com/ign_latam/screenshot/c/cersei-lan/cersei-lannister-in-season-3_p7ct.jpg;
https://imgix.bustle.com/rehost/2016/9/13/26501f55-de45-452d-97c0-607025b5c7e1.jpg;
https://fsmedia.imgix.net/af/03/51/2b/e83a/42e9/848a/cdf98341e93b/lena-headey-as-cersei-lannister-in-game-of-thrones-season-7.png?rect=19%2C0%2C1334%2C668&auto=format%2Ccompress&dpr=2&w=650;
https://i0.wp.com/ae01.alicdn.com/kf/HTB1eznAXzDuK1Rjy1zjq6zraFXaB/Juego-de-tronos-7-Cosplay-Cersei-Lannister-Cosplay-traje-Halloween-carnaval-consigui%C3%B3-reina-Cersei-traje-negro.jpg_350x350.jpg;
https://static.independent.co.uk/s3fs-public/thumbnails/image/2019/03/08/15/game-of-thrones-characters.jpeg;
http://images.vertele.eldiario.es/2013/04/05/noticias/Cersei-Lannister_1452764724_6448542_660x371.jpg;
https://hips.hearstapps.com/hmg-prod.s3.amazonaws.com/images/jon-snow-1548929605.jpg?resize=480:*;
https://broadly-images.vice.com/images/articles/meta/2016/04/26/untitled-article-1461655717.png?crop=0.992188745416866xw%3A1xh%3Bcenter%2Ccenter&resize=650%3A*&output-quality=55;
https://www.telegraph.co.uk/content/dam/fashion/2016/06/28/101904344_GAME_OF_THRONES_SEASON_6_SERIES_6_EPISODE_10_The_Winds_of_Winter_CREDIT__Copyright_HBO__ha_trans_NvBQzQNjv4Bq-gaKsLgbA6-uokDv4MbJV_GTP7noTeXQUTm24OSn8C0.jpg?imwidth=450;
https://media1.tenor.com/images/b8dba08df742d2028d570b52aeeead0e/tenor.gif?itemid=12879640;
https://e.rpp-noticias.io/normal/2016/06/27/565056_179146.jpg;
https://pizzacinema.net/wp-content/uploads/Las-mejores-frases-de-Cersei-Lannister-Juego-de-Tronos-9.jpg;
https://image.iol.co.za/image/1/process/620x349?source=https://inm-baobab-prod-eu-west-1.s3.amazonaws.com/public/inm/media/image/97629268.JPG;
https://i.ytimg.com/vi/MxQ4Q_aoE2c/maxresdefault.jpg;
http://img.europapress.es/fotoweb/fotonoticia_20150107103447_800.jpg;
https://static2.ideal.es/www/multimedia/201708/29/media/cortadas/tyrion-kyd-U40659694896qNI-624x385@Ideal.jpg;
https://static2.lasprovincias.es/www/multimedia/201902/22/media/cortadas/cersei-U30168731325XPC-U70740245419SZC-624x385@Las%20Provincias-LasProvincias.jpg;
https://cdn.images.express.co.uk/img/dynamic/20/590x/Cersei-919046.jpg;
https://www.hindustantimes.com/rf/image_size_960x540/HT/p2/2019/01/27/Pictures/_dcd03d46-222b-11e9-8086-344fce0efcf3.jpg;
https://cuernavilla.com/6726-thickbox_default/colgante-cersei-lannister-juego-de-tronos.jpg;
https://66.media.tumblr.com/09e01d7c637cacd11adf529c362b200e/tumblr_ouyrhfgiZa1tf5kqco10_250.png;
https://i.pinimg.com/originals/90/84/b6/9084b6c11594e08029d2eefb07bba480.jpg;
https://staticuestudio.blob.core.windows.net/buhomag/2017/11/13184459/lena-headey-cersei-lannister.jpg?auto=compress,format;
http://dw0qvtuyu4cw2.cloudfront.net//ima/0/0/1/8/0/180840.jpg;
https://img.peru21.pe/files/ec_article_multimedia_gallery/uploads/2019/04/30/5cc88e7cbac3c.jpeg;
https://cdn1us.denofgeek.com/sites/denofgeekus/files/styles/main_wide/public/2018/07/game_of_thrones_season_8_cersei_predictions.jpg?itok=cq0rSCkG;
https://i0.wp.com/www.reporteindigo.com/wp-content/uploads/2017/09/v2wktil.jpeg?zoom=2.625&fit=660%2C438&ssl=1;
https://cdn.vox-cdn.com/thumbor/ZNkVU4exIfewNPMj1sAKRDg5ml8=/0x0:789x538/1200x800/filters:focal(332x206:458x332)/cdn.vox-cdn.com/uploads/chorus_image/image/55996991/Screen_Shot_2017_08_01_at_12.58.03_PM.0.png;
https://thumbs.dreamstime.com/z/cersei-lannister-del-juego-de-tronos-107089266.jpg;
https://hips.hearstapps.com/es.h-cdn.co/fotoes/images/cinefilia/7-motivos-por-los-que-amar-y-odiar-a-cersei-lannister/112787201-1-esl-ES/7-motivos-por-los-que-amar-y-odiar-a-Cersei-Lannister1.jpg?crop=1xw:0.5xh;center,top&resize=480:*
https://multimedia.larepublica.pe/342x192/larepublica/imagen/2019/01/26/noticia-1548509755-cersei-lannister-lena-headey.png;
http://images6.fanpop.com/image/photos/37200000/Cersei-Lannister-Season-2-cersei-lannister-37245748-1997-3001.jpg;
https://happyfm.es/wp-content/uploads/2018/08/juego-de-tronos-cersei-lannister-y-una-poderosa-pareja-de-baile-02.gif;
https://media.newyorker.com/photos/5c814c61df25432cf052898b/master/w_727,c_limit/Gopnik-CerseiGOT-Secondary-2.jpg;
https://fotografias.antena3.com/clipping/cmsimages02/2018/03/08/468AA2C5-FBB4-4246-AA5F-CB248CA0ED35/58.jpg;
https://cdn.hobbyconsolas.com/sites/navi.axelspringer.es/public/styles/main_element/public/media/image/2019/04/cersei-lannister-juego-tronos-8x04.jpg?itok=n4TSJODo;
https://news.toyark.com/wp-content/uploads/sites/4/2018/05/ThreeZero-Cersei-Lannister-Preview-928x483.jpg;
https://fsmedia.imgix.net/b5/df/78/b2/ee39/4b6a/97b5/fec7b471bf5b/cersei-lannister-in-game-of-thrones-season-7.png?rect=0%2C0%2C1266%2C634&auto=format%2Ccompress&dpr=2&w=650;
https://cdn.superaficionados.com/imagenes/las-teorias-sobre-el-destino-de-cersei-lannister-54s.jpg;
https://i.ytimg.com/vi/ZaaX4ow2j4I/hqdefault.jpg;
https://media1.tenor.com/images/38903debbe4ee02a9e44e64732f305ce/tenor.gif?itemid=12879601;
https://2.bp.blogspot.com/-bOOc2qG6A-U/WWp3_jA1JAI/AAAAAAAAAhc/datls_2-y7oU3hgghjCvz1HTJE3sCgMsQCLcBGAs/s1600/Cersei-lannister-lena-headey-helen-sloan.jpg;
http://www.sddistribuciones.com//Portadas/3AT3A3Z0064_1.JPG;
https://static.lasprovincias.es/www/multimedia/201902/27/media/cercei-valencia-centenario.jpg;
https://sm.ign.com/t/ign_es/screenshot/default/blob_sjqr.640.jpg;
https://statics.memondo.com/p/99/crs/2013/02/CR_798657_6bf1f43545854e73ab11015e6816c64b_cersei_lannister.jpg?cb=794891;
https://gothamotaku.com/wp-content/uploads/2018/05/Figura-Cersei-Lannister-28-cm.-Juego-de-Tronos.-ThreeZero-8.jpg;
http://resize2-doctissimocom.ladmedia.fr/r/624,600,forcey,center-middle,ffffff/img/var/doctissimo/storage/images/common/belleza/galerias-belleza/peinados-juego-de-tronos/media-corona-trenzada-de-cersei-lannister/533689-1-esl-ES/la-media-corona-trenzada-de-cersei-lannister.jpg;
https://mondrian.mashable.com/uploads%252Fcard%252Fimage%252F114333%252FJaime-and-Cersei-Lannister-in-Game-of-Thrones-Controversy.jpg%252F950x534__filters%253Aquality%252890%2529.jpg?signature=P3ZXPFujT7jFinDvr_B4R9GV4qo=&source=https%3A%2F%2Fblueprint-api-production.s3.amazonaws.com;
http://images.vertele.eldiario.es/2016/08/26/noticias/dormer-mini_1824427603_1985129_660x371.jpg;
https://frikers.es/6299-thickbox_default/colgante-juego-de-tronos-cersei-lannister.jpg;
https://www.miyagi.es/1390-tm_thickbox_default/camiseta-cersei-lannister.jpg;
https://img.elcomercio.pe/files/ec_article_multimedia_gallery/uploads/2019/03/07/5c812e570246b.jpeg;
https://media.glamour.com/photos/5cd0158fb33ad06050ca0753/master/pass/f35f9ff75e565d45ebb61aee0c9ff765c4a3a918354cb6fdc8b20120d16ccf1dd4b3be4febfe3db50ddb6c2f485d81bd.jpg;
https://www.disfracesjarana.com/media/catalog/product/cache/1/image/650x650/9df78eab33525d08d6e5fb8d27136e95/p/e/peluca-cersei-lannister.jpg;
http://img3.wikia.nocookie.net/__cb20120316191120/gameofthrones/images/c/c2/CerseiEW.png;
https://i0.wp.com/ae01.alicdn.com/kf/HTB1gey0PzDpK1RjSZFrq6y78VXaU/Cersei-Lannister-del-traje-de-cosplay-de-Halloween-traje-de-Cosplay-de-temporada-de-Juego-de.jpg_350x350.jpg;
https://i2.wp.com/metro.co.uk/wp-content/uploads/2017/09/843017864-e1505512995252.jpg?quality=90&strip=all&zoom=1&resize=644%2C507&ssl=1;
https://www.dhresource.com/0x0s/f2-albu-g6-M00-42-E3-rBVaR1o7TUuAFoeTAAo5Btk-uzY691.jpg/por-encargo-queen-cersei-lannister-rojo-vestido.jpg;
https://media.cnnchile.com/sites/2/2019/04/cersei.jpg;
https://e00-expansion.uecdn.es/assets/multimedia/imagenes/2019/02/28/15513641380619_1300x0.jpg;
https://images-na.ssl-images-amazon.com/images/I/51TUZr4hXJL._AC_UL320_SR228,320_.jpg;
https://cdn.images.express.co.uk/img/dynamic/20/750x445/1116417.jpg;
https://img.europapress.es/fotoweb/fotonoticia_20180714113320_640.jpg;
https://vignette.wikia.nocookie.net/hieloyfuego/images/c/c0/Cersei_Seated_by_Katherine_Dinger%2C_Fantasy_Flight_Games%C2%A9.jpg/revision/latest/zoom-crop/width/240/height/240?cb=20160802161917;
https://cdn.20m.es/img2/recortes/2019/04/22/934643-600-338.jpg;
https://pixel.nymag.com/imgs/daily/vulture/2013/06/14/14-bitchfaces-of-cersei-lannister.w700.h700.jpg;
https://www.lavanguardia.com/r/GODO/LV/p3/WebSite/2016/04/22/Recortada/2016-04-11T050641Z_01_PJM32_RTRIDSP_3_USA-ENTERTAINMENT_20160411070856-k8oB-U401287563716esB-992x558@LaVanguardia-Web.jpg;
https://i.pinimg.com/originals/16/ae/df/16aedf2565f6a4b53e9f94a793486e2d.jpg;
https://comparativegeeks.files.wordpress.com/2014/03/cerseilannister.jpg;
https://s.libertaddigital.com/fotos/noticias/cersei-lannister.jpg;
http://www.aldiadallas.com/wp-content/uploads/2016/03/B971162085Z.1_20160323114223_000+G7TT9VCR.1-0-670x385.jpg;
https://fsmedia.imgix.net/c9/1a/8e/cf/1c69/42e6/a49a/fb9aab46355d/cersei-lannister-in-stormborn.png?rect=25%2C0%2C1379%2C690&auto=format%2Ccompress&dpr=2&w=650;
https://economia3.com/wp-content/uploads/2019/02/e780622c-5cc3-4735-9308-71b92a605c97.png;
https://i0.wp.com/lossietereinos.com/wp-content/uploads/2014/04/Game-of-Thrones-season-4-premiere-Cersei-Lannister.jpg?fit=640%2C354&ssl=1;
https://ae01.alicdn.com/kf/HTB11LjsatrJ8KJjSspaq6xuKpXa9/Juego-de-tronos-Season7-Cersei-Lannister-corona-para-el-pelo-de-Cosplay-blanco-Vintage-Chapado-en.jpg_640x640.jpg;
https://i.dailymail.co.uk/i/pix/2016/06/27/05/35B518F800000578-3661492-image-m-13_1467000647057.jpg;
https://photos.characterartgallery.com/original/character-art-gallery-photo_1000000411.jpg;
https://66.media.tumblr.com/9b0b74ec7fc2741397c533b2b65f619c/tumblr_ouyrhfgiZa1tf5kqco1_250.png;
http://lookalikes.co.uk/wp-content/uploads/2016/03/Joanne-Marriott-Cersei-2.jpg;
https://static.vix.com/es/sites/default/files/g/game-of-thrones-cersei-lannister-got-3.gif;
https://img.elcomercio.pe/files/ec_article_multimedia_gallery/uploads/2019/03/07/5c812e55be381.jpeg;
https://cdn-blog.adafruit.com/uploads/2016/03/Cersei-Lannister-cosplay-1-320x480.jpg;
https://imagesvc.timeincapp.com/v3/fan/image?url=https%3A%2F%2Fwinteriscoming.net%2Ffiles%2F2017%2F03%2Fgendry-1280.jpg&c=sc&w=736&h=485;
https://www.radiozero.cl/static/2017/07/Euron-Greyjoy-Is-Crowned-1200x500.jpg;
https://media.melty.mx/article-2287128-head-f208212006/game-of-thrones-cersei-game-of-thrones-daenerys.jpg;
https://assets7.domestika.org/project-items/000/562/217/cersei-lannister_012-big.jpg?1398275666;
https://i2.wp.com/metro.co.uk/wp-content/uploads/2019/02/freya-a8b4.jpg?quality=90&strip=all&zoom=1&resize=644%2C427&ssl=1;
https://img.huffingtonpost.com/asset/5c8a9f2324000093024c1abd.png?ops=300_219;
https://www.dhresource.com/0x0s/f2-albu-g7-M01-9D-A5-rBVaSlu4bUKAFml9AAKSp7v7bVA080.jpg/cosplay-cersei-lannister-disfraz-adulto-mujer.jpg;
https://get.wallhere.com/photo/Game-of-Thrones-Cersei-Lannister-Jaime-Lannister-1388023.jpg;
https://image.europafm.com//clipping/cmsimages02//2012/07/24/DE2072F0-47A7-435D-8AF6-53F2477F8B96/30.jpg;
https://cdn.images.express.co.uk/img/dynamic/20/590x/Cersei-Lannister-Game-of-Thrones-942817.jpg;
https://i.pinimg.com/originals/ab/88/7b/ab887bb36cb64afbe7d443912b717340.jpg;
https://cuernavilla.com/12308-thickbox_default/figura-cersei-lannister-escala-16-deluxe-juego-de-tronos.jpg;
https://img.timesnownews.com/story/1555211259-Untitled_design_42_0.png?d=600x450;
http://www.sddistribuciones.com//Portadas/3AT3A3Z0064_4.JPG;
https://img.buzzfeed.com/buzzfeed-static/static/2016-06/9/11/enhanced/buzzfeed-prod-web13/anigif_enhanced-498-1465484691-2.gif?output-format=auto&output-quality=auto;
https://www.bolsamania.com/seriesadictos/wp-content/uploads/2018/02/game-of-thrones-season-8-set-photos-see-jon-snow-meeting-cersei-lannister.jpg;
https://pixel.nymag.com/imgs/fashion/daily/2017/08/28/28-taylor-cersei.w700.h700.jpg;
https://cdn.hobbyconsolas.com/sites/navi.axelspringer.es/public/media/image/2014/08/369044-top-chicas-juego-tronos-cersei-lannister.jpg;
https://timedotcom.files.wordpress.com/2017/06/cersei-lannister-lena-headey-costume-2.jpg?quality=85&w=373;
https://www.eipe.es/wp-content/uploads/2018/09/tipos-de-liderazgo-juego-de-tronos.png;
https://cde.laprensa.e3.pe/ima/0/0/1/7/7/177698.jpg;
https://i.gifer.com/GJy7.gif;
https://vignette.wikia.nocookie.net/lucerne/images/b/b3/Cersei_Lannister.jpg/revision/latest?cb=20120315031746;
https://generacionfenix.com/wp-content/uploads/2017/07/Jon-Nieve-season-7-GoT-750x420.jpg;
http://resize2-doctissimocom.ladmedia.fr/r/624,600,forcey,center-middle,ffffff/img/var/doctissimo/storage/images/common/belleza/galerias-belleza/peinados-juego-de-tronos/trenza-de-cersei-lannister/533777-1-esl-ES/la-trenza-de-cersei-lannister.jpg;
https://img.elcomercio.pe/files/ec_article_multimedia_gallery/uploads/2019/03/07/5c812e5b9dd79.jpeg;
https://www.thewrap.com/wp-content/uploads/2017/07/cersei-8.png;
https://i.ytimg.com/vi/ru_xP6vnjrw/maxresdefault.jpg;
https://ae01.alicdn.com/kf/HTB1xGy2jMoQMeJjy1Xaq6ASsFXaC/Juego-de-tronos-temporada-7-Cersei-Lannister-cosplay-adultos-de-disfraces-de-Halloween-reina-Cersei-Lannister.jpg_640x640.jpg;
http://e00-elmundo.uecdn.es/assets/multimedia/imagenes/2017/09/15/15054728432715.jpg;
https://i0.wp.com/lossietereinos.com/wp-content/uploads/2016/03/Queen-Cersei-Lannister-000222142.jpg?fit=380%2C612&ssl=1;
https://upload.wikimedia.org/wikipedia/commons/0/04/Lena_Headey_Primetime_Emmy_Awards_2014.jpg;
https://i.ebayimg.com/images/g/DGEAAOSwSYpZvyJN/s-l300.jpg;
https://pbs.twimg.com/profile_images/987753392800960514/S6c07GgH_400x400.jpg;
https://i0.wp.com/ae01.alicdn.com/kf/HTB1X.9YasfrK1RjSszcq6xGGFXay/De-temporada-de-Juego-de-tronos-de-7-Cersei-Lannister-del-traje-de-cosplay-de-halloween.jpg_350x350.jpg;
https://images.complex.com/complex/images/c_limit,w_680/fl_lossy,pg_1,q_auto/pue8dsm9ty66645mfnyh/cersei-game-of-thrones;
https://mott.pe/noticias/wp-content/uploads/2016/06/Conoce-m%C3%A1s-a-Lena-Headey-la-actriz-detr%C3%A1s-de-la-despiadada-Cersei-Lannister-portada.jpg;
https://i1.wp.com/www.sopitas.com/wp-content/uploads/2019/04/gameofthronespremiere15.jpg;
https://digitalsevilla.com/wp-content/uploads/2018/11/Captura-de-pantalla-2017-12-31-a-las-12.03.48.png;
http://images6.fanpop.com/image/photos/37500000/cersei-baratheon-cersei-lannister-37593271-2832-4256.jpg;
https://i.blogs.es/a96ba6/cersei-vino/450_1000.jpg;
https://cdn.onebauer.media/one/lifestyle-legacy/0b/b22a5/ca676/023aa/b30e0/5859c/2eabf/game%20of%20thrones%20cersei%20lannister_620x713.jpg?quality=50&width=960&ratio=16-9&resizeStyle=aspectfill&format=jpg;
https://goatofthrones.com/wp-content/uploads/2018/02/Best-game-of-thrones-quotes-season-2-episode-1.jpg;
https://st1.bollywoodlife.com/wp-content/uploads/2019/04/cersei-daenerys.png;
https://media.wsimag.com/attachments/0c65ec3faaab26aa29224a79fd263740e1a8bbd7/store/fill/510/765/950c361aeb786b3663627f8acd044bc32df57614b5f54efbf8ce14f27a0f/Juego-de-Tronos-La-actriz-Lena-Headey-como-Cersei-Lannister.jpg;
https://awoiaf.westeros.org/images/thumb/4/4f/MagaliVilleneuve_CLface.jpg/300px-MagaliVilleneuve_CLface.jpg;
https://cde.laprensa.e3.pe/ima/0/0/1/8/0/180442.jpg;
https://cdn.images.express.co.uk/img/dynamic/20/750x445/1111322.jpg;
https://www.nocreasnada.com/wp-content/uploads/2019/05/2019-05-05_5cce2b74e6438_Poster.jpg;
http://es.web.img2.acsta.net/r_640_360/newsv7/16/07/11/15/56/085731.jpg;
https://vignette.wikia.nocookie.net/iceandfire/images/f/fc/Cersei_by_amoka.jpg/revision/latest?cb=20150515032745;
http://fotos01.laopiniondemalaga.es/mmp/2015/06/19/318x200/juegotronos.jpg;
https://i.eurosport.com/2019/04/23/2571725.jpg;
https://pizzacinema.net/wp-content/uploads/Las-mejores-frases-de-Cersei-Lannister-Juego-de-Tronos-19.jpg;
https://media1.tenor.com/images/3923e83a6e40db6251438c5d8df661c5/tenor.gif?itemid=9537845;
http://pics.livejournal.com/grrm/pic/0006aw6c/s320x240;
https://i.gadgets360cdn.com/large/Game_of_Thrones_season_8_(13)_1549519140203.jpg;
https://i.imgur.com/A92Hcqh.jpg;
https://cdna.artstation.com/p/assets/images/images/006/740/978/large/jesus-blones-cersei-lannister-jesus-blones.jpg?1500924277;
https://img.buzzfeed.com/buzzfeed-static/static/2016-06/9/10/asset/buzzfeed-prod-web12/sub-buzz-9481-1465483829-1.jpg?downsize=700:*&output-format=auto&output-quality=auto;
http://mygotcharacter.com/images/CerseiLannister.jpg;
https://s3-eu-west-1.amazonaws.com/cinemania-cdn/wp-content/uploads/2016/03/25123723/queen-cersei-lannister-margaery-tyrell-daenerys-targaryen-000221370.jpg;
http://www2.pictures.zimbio.com/mp/GVGf-DHvBa0l.jpg;
https://rtvc-assets-radionica3.s3.amazonaws.com/s3fs-public/styles/image_750x422/public/senalradionica/articulo-noticia/galeriaimagen/lena_.jpg?itok=wt7d2z4P;
https://www.jeremysadler.net/wp-content/uploads/2012/04/Cersei-and-Littlefinger-cersei-lannister-30310093-1024-576.jpg;
https://image.dhgate.com/0x0/f2/albu/g9/M01/98/43/rBVaVVyVNZ-AJucAAAG559IQpm0530.jpg;
https://media.vanityfair.com/photos/5caf6bbddfa9840576588169/master/w_2000,h_1334,c_limit/game-of-thrones-season-1-vs-8-Cersei-Lannister.png;
https://womenwriteaboutcomics.com/wp-content/uploads/2015/09/Cersei-shaved.png;
https://cdn.dnaindia.com/sites/default/files/styles/full/public/2018/06/29/699091-lena-headey-and-nikolaj-coster-waldauin-a-still-from-ep-5-eastwatch-2.jpg;
https://ae01.alicdn.com/kf/HTB1YoIEeHsTMeJjy1zcq6xAgXXao/Juego-de-tronos-temporada-7-Cersei-Lannister-cosplay-disfraz-adulto-Halloween-disfraz-reina-Cersei-Lannister-vestido.jpg_640x640.jpg;
https://pmchollywoodlife.files.wordpress.com/2014/10/game-of-thrones-cersei-lannister-naked-walk-of-shame-ftr.jpg?w=600;
https://rec-eph.primerahora.com/images/2019/04/10/cersei.jpg;
http://archive.zbrushcentral.com/attachment.php?attachmentid=458971;
https://i1.wp.com/xn--lacompaialibredebraavos-yhc.com/wp-content/uploads/2017/03/Cersei-Lannister-por-Leann-Hill.jpg?fit=945%2C612&ssl=1;
https://pbs.twimg.com/profile_images/948396722673340417/j9Ic9JRu_400x400.jpg;
https://cdn.hiptoro.com/wp-content/uploads/2019/04/Game-of-Thrones-Season-8-Episode-2-Cersei-Lannister-in-Trouble-711x400.png;
https://www.24horas.cl/incoming/article1529699.ece/ALTERNATES/BASE_LANDSCAPE/Actor%20chileno%20de%20%22Game%20of%20Thrones%22%20tendr%C3%ADa%20romance%20con%20la%20%22Cersei%20Lannister%22;
https://img.peru21.pe/files/article_content_ec_fotos/uploads/2017/08/10/598cd79cc0185.jpeg;
http://www.criminalelement.com/wp-content/uploads/2014/05/cersei-lannister-defense.jpg;
https://www.mujerhoy.com/pic.aspx?w=651&img=TCDGAOF_EC243619042273.jpg;
https://cdn1.thr.com/sites/default/files/2018/10/game_of_thrones-publicity_still-_lena_headey_-cersei_lannister-h_2018.jpg;
https://cdn.images.express.co.uk/img/dynamic/20/590x/Game-of-Thrones-season-8-spoilers-Cersei-Lannister-star-Lena-Headey-has-teased-the-finale-1078249.jpg?r=1548518376330;
https://i0.wp.com/ae01.alicdn.com/kf/HLB1oamXQQvoK1RjSZPfq6xPKFXaQ/De-temporada-de-Juego-de-tronos-de-8-traje-Cersei-Lannister-Cosplay-reina-adulto-de-Halloween.jpg_350x350.jpg;
https://i2.wp.com/codigoespagueti.com/wp-content/uploads/2019/04/cersei-dumbo.png?resize=1080%2C600&quality=90&ssl=1;
https://www.guiadelocio.com/var/guiadelocio.com/storage/images/a-fondo/quien-es-quien-en-juego-de-tronos/juego-de-tronos-temporada-5/cersei-lannister/22558592-1-esl-ES/cersei-lannister_large.jpg;
https://live.staticflickr.com/7116/7685262072_b1b033bd23_b.jpg;
https://media.giphy.com/media/jgAIFrBQGGm0o/giphy.gif;
https://cdn.hobbyconsolas.com/sites/navi.axelspringer.es/public/media/image/2014/08/369030-top-chicas-juego-tronos-cersei-lannister.jpg;
https://imagesvc.timeincapp.com/v3/fan/image?url=https%3A%2F%2Fwinteriscoming.net%2Ffiles%2F2019%2F01%2FScreen-Shot-2019-01-11-at-2.36.23-PM.jpg&c=sc&w=736&h=485;
https://i.etsystatic.com/6127017/r/il/89c253/1582002999/il_794xN.1582002999_gdyx.jpg;
https://cdn.images.dailystar.co.uk/dynamic/117/photos/867000/Cersei-Lannister-and-Jaime-Lannister-953867.jpg;
https://media1.tenor.com/images/813ae3f012f9aa34a16c4e6cfd75da3d/tenor.gif?itemid=9968544;
https://www.disfracessimon.com/14340-thickbox_default/disfraz-cersei-lannister-negro-premium.jpg;
https://fotos01.laopiniondemurcia.es/mmp/2017/08/11/328x206/juegodetronos3.jpg;
https://www.thesimsresource.com/scaled/2884/w-800h-600-2884319.jpg;
https://i0.wp.com/metro.co.uk/wp-content/uploads/2018/08/sec_218875276.jpg?quality=90&strip=all&w=1200&h=630&crop=1&zoom=1&ssl=1;
