https://fotografias.antena3.com/clipping/cmsimages02/2019/03/04/DAFC4540-7CC0-49B2-8F10-477D61EE0CDD/58.jpg;
https://ep01.epimg.net/elpais/imagenes/2019/03/06/eps/1551868363_462389_1551884623_noticia_normal.jpg;
https://hips.hearstapps.com/hmg-prod.s3.amazonaws.com/images/jon-nieve-targaryen-juego-de-tronos-1553003248.jpg?crop=1.00xw:0.884xh;0,0.0581xh&resize=480:*
https://i.avoz.es/default/2017/09/01/00121504291462140998666/Foto/jonsnow.jpg;
https://www.lavanguardia.com/r/GODO/LV/p4/WebSite/2017/06/17/Recortada/img_psola_20170420-210215_imagenes_lv_terceros_got-blast_10_58f8f94d12255-kqiE-U423457544292gBB-992x558@LaVanguardia-Web.jpg;
https://ep00.epimg.net/cultura/imagenes/2015/09/17/television/1442485673_795445_1442486582_noticia_normal.jpg;
https://cdn27.hiberus.com/uploads/imagenes/bajacalidad/2019/04/15/_nieve_ce8cfc8e.jpg?c726a621881f9be3daff1894fc728155;
https://www.mujerhoy.com/noticias/201904/15/media/cortadas/secreto-barba-jon-nieve-juego-de-tronos-kit-harington-apertura-k4cG-U701179769930x5C-644x483@MujerHoy.jpg;
https://e00-elmundo.uecdn.es/assets/multimedia/imagenes/2016/07/01/14673752522512.jpg;
https://img.huffingtonpost.com/asset/5cb4444f24000080094f6a25.jpeg?cache=8ozS7f6hZA&ops=scalefit_630_noupscale;
https://i.pinimg.com/originals/b9/1d/89/b91d89272fa0cb717a8a70cbe8d5e93e.jpg;
https://www.xlsemanal.com/wp-content/uploads/sites/3/2018/03/kit-harington-jon-nieve-en-juego-de-tronos-6-1.jpg;
https://www.ecestaticos.com/image/clipping/654/41bdb3159c9e683a28bb7eda5cf1fe72/jon-nieve-en-el-trono-de-hierro-en-un-cartel-promocional-de-hbo.jpg;
https://www.xlsemanal.com/wp-content/uploads/sites/3/2018/03/kit-harington-jon-nieve-en-juego-de-tronos-3.jpg;
https://d2jljza7x0a5yy.cloudfront.net/media/k2/items/cache/92ba0f2a9349e9b1fc0dfba8cc36c330_XL.jpg?t=1465976975;
https://lookaside.fbsbx.com/lookaside/crawler/media/?media_id=1760778984155679;
https://staticuestudio.blob.core.windows.net/buhomag/2017/08/28135154/Jon-Nieve.jpg?auto=compress,format;
http://img.europapress.es/fotoweb/fotonoticia_20160420125836_1280.jpg;
https://hips.hearstapps.com/hmg-prod.s3.amazonaws.com/images/juego-de-tronos-escena-polemica-jon-nieve-1557150380.png?crop=0.998xw:1.00xh;0.00173xw,0&resize=480:*
https://poptv.orange.es/wp-content/uploads/sites/3/2018/06/juego-de-tronos-portada-1100x550.jpg;
https://i.ytimg.com/vi/99Zl0YWLDf8/hqdefault.jpg;
https://www.camaracivica.com/wp-content/uploads/2015/07/jon.jpg;
https://ep01.epimg.net/elpais/imagenes/2019/03/19/gente/1553023943_364748_1553073557_noticia_normal.jpg;
https://upload.wikimedia.org/wikipedia/commons/thumb/b/b0/SDCC_2014_-_John_Snow_%2814778875161%29.jpg/245px-SDCC_2014_-_John_Snow_%2814778875161%29.jpg;
https://i.ytimg.com/vi/vWrfBsJyIZo/maxresdefault.jpg;
http://dw0qvtuyu4cw2.cloudfront.net//ima/0/0/1/8/0/180661.jpg;
https://static.deia.eus/images/2019/05/05/jon_1689_1.jpg;
https://cdn.hobbyconsolas.com/sites/navi.axelspringer.es/public/styles/main_element/public/media/image/2016/09/192912-jon-nieve.jpg?itok=tE0dNpaI;
https://s1.eestatic.com/2017/09/27/corazon/celebrities/Juego_de_Tronos-Personajes_de_ficcion-Actores-Television-Celebrities_249986330_48323730_1024x576.jpg;
https://vignette.wikia.nocookie.net/hieloyfuego/images/a/a8/Jon.jpg/revision/latest/scale-to-width-down/325?cb=20120902143013;
https://www.hola.com/imagenes/actualidad/2016012983447/kit-harington-futuro-jon-snow/0-349-773/jon-nieve1-t.jpg;
https://s3-eu-west-1.amazonaws.com/cinemania-cdn/wp-content/uploads/2017/09/12103637/Captain-America-Winter-Soldier-660x374.jpg;
https://www.mundodeportivo.com/r/GODO/MD/p4/MasQueDeporte/Imagenes/2017/06/19/Recortada/img_cfaneca_20170619-135416_imagenes_md_otras_fuentes_170619_jon_snow_instagram_kitharingtonn-kC1C-U4235051783864aH-980x554@MundoDeportivo-Web.png;
https://www.lavanguardia.com/r/GODO/LV/p5/WebSite/2018/11/26/Recortada/img_psola_20170731-095744_imagenes_lv_terceros_jdt7x04-kqSC-U453168016980g3B-992x558@LaVanguardia-Web.jpg;
https://www.publico.es/uploads/2019/04/15/5cb429ce9adac.jpg;
https://estaticos.elperiodico.com/resources/jpg/7/7/juego-tronos-serie-mas-pirateada-1426027977477.jpg;
https://hips.hearstapps.com/hmg-prod.s3.amazonaws.com/images/jon-sam-1555740928.jpg?resize=480:*;
https://i1.wp.com/lossietereinos.com/wp-content/uploads/2013/06/Jon-Snow-and-Alliser-Thorne.jpg?resize=640%2C380&ssl=1;
https://estaticos.elperiodico.com/resources/jpg/8/2/kit-harington-como-jon-snow-juego-tronos-1460111094028.jpg;
https://cde.laprensa.e3.pe/ima/0/0/1/3/2/132728.jpg;
https://s03.s3c.es/imag/_v0/770x420/5/d/6/jon-nieve-cuernos-1-770.jpg;
https://www.seriemaniac.com/wp-content/uploads/2016/06/quien-es-la-madre-de-jon-nieve.jpg;
http://as01.epimg.net/tikitakas/imagenes/2016/05/04/portada/1462360157_639726_1462360668_noticia_normal.jpg;
https://www.todoboda.com/media/k2/items/cache/933b79bbc417088546b8fa5ce1cd7ccf_XL.jpg;
https://cdn.20m.es/img2/recortes/2018/04/25/687317-600-338.jpg;
http://es.web.img2.acsta.net/r_640_360/medias/nmedia/19/02/83/28/20668991.jpg;
https://www.ecestaticos.com/image/clipping/654/6eeed16b24824f486c516a9d37430ea8/boda-de-los-padres-de-jon-nieve-hbo.jpg;
https://upload.wikimedia.org/wikipedia/commons/thumb/a/aa/Kit_Harington_June_2014.jpg/170px-Kit_Harington_June_2014.jpg;
https://album.mediaset.es/eimg/2017/09/27/z6h6JTf1AyObHtWCDutVG.jpg;
https://sm.ign.com/ign_es/screenshot/default/game-of-thrones2_aubx.jpg;
https://img-cdn.hipertextual.com/files/2017/08/jon-snow-fantasma-pequenos.jpg?strip=all&lossy=1&quality=70&resize=670%2C410&ssl=1;
https://ep01.epimg.net/elpais/imagenes/2017/10/31/icon/1509461407_086967_1509462774_sumario_normal.jpg;
http://img.europapress.es/fotoweb/fotonoticia_20150621111946_800.jpg;
https://los40es00.epimg.net/los40/imagenes/2019/04/15/cinetv/1555324725_038743_1555332383_noticia_normal.jpg;
https://ocio.laopinioncoruna.es/img_contenido/noticias/2018/01/634659/jonnieve_finaljuegotronos.jpg;
https://ocio.lne.es/img_contenido/noticias/2018/11/710792/kit_harington_se_despide_melena_jon_nieve.jpg;
https://i.kinja-img.com/gawker-media/image/upload/s--k3ccRPQL--/c_scale,f_auto,fl_progressive,q_80,w_800/y5kilnaig0ndjnde8urv.png;
https://www.xlsemanal.com/wp-content/uploads/sites/3/2018/03/kit-harington-jon-nieve-en-juego-de-tronos-5.jpg;
https://www.mundodeportivo.com/r/GODO/MD/p5/ContraPortada/Imagenes/2018/05/24/Recortada/img_mguadilla_20180524-181508_imagenes_md_otras_fuentes_daenerys_y_jon_snow-ko8G--572x380@MundoDeportivo-Web.PNG;
https://hips.hearstapps.com/hmg-prod.s3.amazonaws.com/images/jon-nieve-1553085589.jpg;
https://www.cinemascomics.com/wp-content/uploads/2015/09/Jon-Nieve-cazado-foto-rodaje-e1539774327225.jpg;
http://images.vertele.eldiario.es/2017/08/28/fotos/Jon-Nieve-Harington-Juego-Tronos_1934516588_8703898_660x371.jpg;
https://ocio.farodevigo.es/img_contenido/noticias/2016/01/478107/kit_harington_9_juego_tronos_1.jpg;
https://cuernavilla.com/8543-large_default/figura-de-jon-nieve-de-29-cm-juego-de-tronos.jpg;
https://s03.s3c.es/imag/_v0/770x420/7/3/3/jon-nieve.jpg;
http://www.veintitantos.com/sites/default/files/styles/v2-img1000x563/public/articulo/2018-11/jon_snow_niega_acusaciones_de_infidelidad_pero_y_sus_fotos_desnudo.jpg?itok=H64xoiEW;
https://statics-uestudio.uecdn.es/buhomag/2019/04/emilia-clarke-disfraz-jon-nieve.jpg?auto=compress,format;
https://cadenaser00.epimg.net/ser/imagenes/2017/08/29/television/1504002046_112145_1504002124_noticia_normal.jpg;
https://ae01.alicdn.com/kf/HTB1aNVNaC3PL1JjSZFtq6AlRVXal/Serie-de-TELEVISI-N-Estadounidense-caliente-Juego-de-Tronos-Jon-Nieve-Cosplay-traje-Una-canci-n.jpg_640x640.jpg;
http://www.zeleb.es/sites/default/files/styles/news_main_image/public/jon_snow_llego_a_rocadragon.png?itok=TcTJ8yUB;
https://www.lavanguardia.com/r/GODO/LV/p4/WebSite/2017/08/20/Recortada/img_bmartinezg_20170820-232750_imagenes_lv_otras_fuentes_jtm1-kCAF-U43714276880uHC-992x558@LaVanguardia-Web.jpg;
https://media.cnnchile.com/sites/2/2018/06/imagen_principal-11733-740x430.jpg;
https://fotografias.lasexta.com/clipping/cmsimages01/2016/06/15/C87B488E-33CB-46A3-BA00-76294F31CCD1/58.jpg;
https://cdn.superaficionados.com/imagenes/game-of-thrones-la-importancia-de-que-jon-snow-sea-aegon-targaryen-og.jpg;
https://s.libertaddigital.com/2017/09/27/1920/1080/fit/KitHaringtonyRoseLesliebn.jpg;
https://i.avoz.es/default/2016/05/04/00121462372105938795862/Foto/jonsnow_grande.jpg;
https://s3-eu-west-1.amazonaws.com/cinemania-cdn/wp-content/uploads/2019/05/05184918/1555015784729-game-of-thrones-quien-es-jon-snow-y-cual-es-su-historia-660x374.jpeg;
https://www.kikelin.com/wp-content/uploads/2018/09/Jon-Nieve-2.jpg;
https://img.europapress.es/fotoweb/fotonoticia_20180625175323_640.jpg;
https://www.ecestaticos.com/imagestatic/clipping/67a/256/67a256ebce2841d3264034650896df15/jon-nieve-sale-de-juego-de-tronos-para-ensenar-sus-atributos.jpg?mtime=1460987744;
https://fotos00.lne.es/2017/10/06/690x278/voz-jon-2.jpg;
https://hips.hearstapps.com/hmg-prod.s3.amazonaws.com/images/jonnievedaenerystargaryen-1554904738.jpg?crop=1.00xw:0.554xh;0,0.0402xh&resize=1200:*
http://es.web.img3.acsta.net/r_640_360/newsv7/16/07/06/18/58/028246.png;
https://o.aolcdn.com/images/dims?quality=85&image_uri=http%3A%2F%2Fo.aolcdn.com%2Fhss%2Fstorage%2Fmidas%2F35caac8740a2d778f1ddb8d1c6e4e39e%2F204333093%2F-1.jpg&client=amp-blogside-v2&signature=cea566ede3a3935c57e87939fc827a9e58c44d5f;
https://img.ecartelera.com/noticias/32100/32168-m.jpg;
https://poptv.orange.es/wp-content/uploads/sites/3/2018/06/ygritte-game-of-thrones-rose-leslie.jpg;
https://album.mediaset.es/eimg/2018/06/25/tpdyYbcefR8XGzcuhGE3m.jpg;
https://cdn2.glamour.es/uploads/images/thumbs/es/glam/4/s/2017/33/jon_nieve_y_daenerys_targaryen_6540_620x349.jpg;
https://ep01.epimg.net/elpais/imagenes/2017/10/31/icon/1509461407_086967_1510734994_noticia_normal.jpg;
http://www.diariolanube.com/wp-content/uploads/2015/07/Jon-Nieve-243x300.jpg;
https://bigdatamagazine.es/wp-content/uploads/2018/08/farmto-table-2-1.jpg;
https://hips.hearstapps.com/es.h-cdn.co/fotoes/images/noticias-cine/juego-de-tronos-las-reacciones-de-jon-nieve-arya-y-cersei/58078893-1-esl-ES/Juego-de-Tronos-las-reacciones-de-Jon-Nieve-Arya-y-Cersei.jpg;
https://images-na.ssl-images-amazon.com/images/I/51-lm%2BlvurL.jpg;
https://cdn2.vogue.es/uploads/images/thumbs/es/vog/2/s/2017/21/vogue_news_46851452_620x.jpg;
https://img.huffingtonpost.com/asset/5cbd94912a0000aa0c4f93e0.jpeg?cache=88UUm0miS3&ops=scalefit_630_noupscale;
https://de10.com.mx/sites/default/files/styles/detalle_nota/public/2019/04/08/arbol_genealogico_jon_snow_p.jpg?itok=EMtgnouv;
https://cdn.20m.es/img2/recortes/2019/05/05/943752-600-338.jpg;
http://images.vertele.eldiario.es/2017/08/21/noticias/Jon-Nieve-Juego-Tronos-enemigo_1932416745_8683244_660x371.jpg;
https://ocio.diarioinformacion.com/img_contenido/noticias/2012/08/110184/2012_08_21_IMG_2012_08_21_163A383A44_nieve_1.jpg;
https://www.laregion.es/media/laregion/images/2015/08/04/2015080417430566555.jpg;
https://elenanofriki.com/5115-large_default/figura-jon-nieve-batalla-de-los-bastardos-20-cm-juego-de-tronos.jpg;
https://pbs.twimg.com/profile_images/869356456033869824/uGAHPlgO.jpg;
https://i2.wp.com/lossietereinos.com/wp-content/uploads/2015/06/jon-snow-muerte.jpg?resize=640%2C317&ssl=1;
https://hips.hearstapps.com/hmg-prod.s3.amazonaws.com/images/jon-snow-daenerys-1555398105.jpg?resize=480:*;
https://blogs.eitb.eus/estrenosdecine/wp-content/uploads/sites/31/2013/08/kit_haritongPompeya.jpg;
https://www.mundodeportivo.com/r/GODO/MD/p3/MasQueDeporte/Imagenes/2016/06/16/Recortada/img_cfaneca_20160616-110131_imagenes_md_otras_fuentes_160616_jon_nieve_collage-kRuB-U402545535263fOF-980x554@MundoDeportivo-Web.jpg;
https://cdn.computerhoy.com/sites/navi.axelspringer.es/public/styles/480/public/media/image/2017/08/255805-quien-es-padre-jon-nieve-todo-que-sabemos-ahora.jpg?itok=fD1u4QM8;
https://i.ytimg.com/vi/vcsVXsYdioM/hqdefault.jpg;
https://estaticos.elperiodico.com/resources/jpg/4/8/jon-nieve-ygritte-casan-1506439586484.jpg;
https://ocio.laprovincia.es/img_contenido/noticias/2015/07/434812/jon_nieve_777_futuro.jpg;
https://hips.hearstapps.com/hmg-prod.s3.amazonaws.com/images/dl-u407698-044-1529773090.jpg?crop=1.00xw:0.753xh;0,0.0459xh&resize=480:*
https://statics.memondo.com/p/s1/crs/2016/09/CR_1022139_acd4491e9ca14358b1ec1b8cef56e7c4_jon_snow.jpg?cb=5692505;
https://cdn.superaficionados.com/imagenes/la-verdadera-historia-de-jon-snow-54s.jpg;
https://blogs.mujerhoy.com/espia-hollywood/wp-content/uploads/sites/8/2017/12/jonsnow.jpg;
https://i.pinimg.com/originals/98/a9/54/98a95436228585035ccf50e168c3e9ec.jpg;
https://hips.hearstapps.com/hmg-prod.s3.amazonaws.com/images/jon-snow-1548929605.jpg?resize=480:*;
https://cdn.hobbyconsolas.com/sites/navi.axelspringer.es/public/styles/480x480/public/media/image/2019/05/juego-tronos-jon-nieve.jpg?itok=xeGDmkNA;
https://cdn1.cinemascomics.com/wp-content/uploads/2019/04/juego-de-tronos-s8-12.jpg;
http://www.zeleb.es/sites/default/files/styles/landscape_photo_700x415/public/daenerys-no-entendia.16.14.png?itok=vlTPetxZ;
https://s5.eestatic.com/2017/10/19/social/La_Jungla_255486066_50912826_1024x576.jpg;
https://okdiario.com/img/2019/04/11/jon-nieve-y-daenerys-620x356.jpeg;
https://media.revistagq.com/photos/5ca5fa80f552a1ddff32edad/16:9/w_1920,c_limit/jon_nieve_4533.jpg;
http://www.lacasadeel.net/wp-content/uploads/2015/10/Jon-Nieve-y-The-Last-Kingdom.jpg;
https://porquesuenio.com/wp-content/uploads/2018/11/iphone-JON-NIEVE.jpg;
https://staticr1.blastingcdn.com/media/photogallery/2015/8/29/660x290/b_620x273/jon-nieve-la-mayor-fuente-de-teorias-de-la-serie_405805.jpg;
https://banner2.kisspng.com/20171201/75d/jon-snow-png-file-5a217e3b84c319.3436968715121444435438.jpg;
http://static.t13.cl/images/sizes/1200x675/1526407178-jonsnowhed.jpg;
https://www.publico.es/uploads/2015/08/27/55deecc639605.jpg;
https://newsfragancias.com/wp-content/uploads/2015/10/AW14-MEN-S-FRAGRANCE-w-758x380.jpg;
https://mm3.vistoenpantalla.com/imagenes-productos/figura-jon-nieve-29cm-large2.jpg;
https://ocio.laopinioncoruna.es/img_contenido/noticias/2016/03/487334/jon_nieve_kit_harington_sexta_temp1.jpg;
https://img.huffingtonpost.com/asset/5cc86c7b240000d80038c0db.jpeg?ops=scalefit_630_noupscale;
https://confilegal.com/wp-content/uploads/2017/09/John-Snow-copia.jpg;
https://cdn2.glamour.es/uploads/images/thumbs/es/glam/4/s/2017/35/jon_nieve_kit_harington_9502_620x620.jpg;
https://imagenes.heraldo.es/files/og_thumbnail/uploads/imagenes/2017/05/25/_jonnieve_99b0526e.jpg;
https://www.lagacetadesalamanca.es/binrepository/785x432/9c0/768d432/none/25207907/QDIN/217661_1_GS217661_MG27665144.jpg;
https://ocio.farodevigo.es/img_contenido/noticias/2017/11/625760/kit_harington_1.jpg;
http://www.movistarplus.es/recorte/e/detallev/c59ea8a9f420300ad4b7eae6651d58db;
https://www.hola.com/imagenes/noticias-de-actualidad/2018/01/08/kitharington.jpg;
http://as01.epimg.net/tikitakas/imagenes/2018/05/26/portada/1527363650_065387_1527364005_noticia_normal.jpg;
http://e00-elmundo.uecdn.es/assets/multimedia/imagenes/2017/08/24/15035911668785.jpg;
http://images.vertele.eldiario.es/2018/07/23/fotos/Jon-Nieve-Harington-Juego-Tronos_2033206688_9750943_660x371.jpg;
https://www.lavanguardia.com/r/GODO/LV/p3/WebSite/2016/04/25/Recortada/img_msanoja_20160423-124606_imagenes_lv_getty_jon_snow-ku-U40133766954106G-992x558@LaVanguardia-Web.jpg;
https://e00-telva.uecdn.es/assets/multimedia/imagenes/2017/09/28/15065850611321.jpg;
https://www.disfracessimon.com/10922-thickbox_default/capa-jon-nieve-hombre.jpg;
https://www.alfabetajuega.com/wp-content/uploads/2019/01/estatua-jon-nieve-kit-harington.jpg;
https://www.ecartelera.com/images/sets/8000/8012.jpg;
https://www.mujerhoy.com/noticias/201806/15/media/cortadas/jon-nieve-ygritte.jpg-kAF-U6050515426yPB-560x420@MujerHoy.jpg;
https://i.avoz.es/default/2015/08/03/00121438626758988572634/Foto/jonsnow_h.jpg;
https://www.diariodesevilla.es/2019/04/15/vital/Jon-Nieve-Daenerys-regreso-batalla_1345975837_98110453_667x375.jpg;
https://cdn.businessinsider.es/sites/navi.axelspringer.es/public/styles/480/public/media/image/2019/04/john-bradley-west-plays-sam-tarly-game-thrones.jpg?itok=7QFk7YYw;
https://cdn.20m.es/img2/recortes/2017/05/24/479572-600-338.jpg?v=20180712163300;
https://resizer.mundotkm.com/unsafe/smart/http://cfglobal01.mundotkm.com/2017/08/game-of-thrones.jpg;
https://cadenaser00.epimg.net/ser/imagenes/2017/05/25/television/1495703879_024159_1495703996_noticia_normal.gif;
https://fotografias.antena3.com/clipping/cmsimages01/2019/04/02/4979A366-B197-458B-9AC6-38B1E814C98A/58.jpg;
https://www.elboletin.com/fotos/1/garzon-jon-snow-p.jpg;
https://www.ecestaticos.com/imagestatic/clipping/156/311/15631161110d11385985390327ebfe0d/juego-de-tronos-jon-nieve-aterriza-en-belfast-donde-se-esta-grabando-la-serie.jpg?mtime=1437652311;
https://hips.hearstapps.com/hmg-prod.s3.amazonaws.com/images/giphy-5-1554219446.gif?crop=1xw:1xh;center,top&resize=320:*
https://3.bp.blogspot.com/-aRgXaW1FRjc/UbiJQRCw7OI/AAAAAAAAAOU/fn03C6-2JnA/s1600/jon_snow_by_teiiku-d4byeuq.jpg;
https://cdn.dondisfraz.com/media/catalog/product/cache/1/image/1800x/040ec09b1e35df139433887a97daa66f/d/i/disfraz-de-guerrero-jon-nieve-para-hombre.jpg.jpg;
https://staticr1.blastingcdn.com/media/photogallery/2016/4/13/660x290/b_620x273/jon-nieve-y-su-inseparable-huargo-fantasma_673691.jpg;
https://static.ideal.es/www/pre2017/multimedia/noticias/201507/31/media/cortadas/nieve--490x578.jpg;
https://fotografias.lasexta.com/clipping/cmsimages01/2017/04/09/5872D891-B29C-476B-99D5-A9188E4C294F/58.jpg;
https://www.reinodejuguetes.com/67270-large_default/poster-3d-jon-snow-vs-knight-king-juego-de-tronos.jpg;
https://vignette.wikia.nocookie.net/hieloyfuego/images/b/b2/Jon_and_Ghost_by_quickreaver%C2%A9.JPG/revision/latest/zoom-crop/width/240/height/240?cb=20121003022841;
https://www.eltemplodelguerrero.com/images/large/a/Juego-de-Tronos-Figura-Jon-Nieve-McFarlane-Toys_LRG.jpg;
https://s03.s3c.es/imag/_v0/640x300/b/6/6/jonnieve.jpg;
https://i.blogs.es/89270e/maxresdefault-10-/450_1000.jpg;
https://rtvc-assets-radionica3.s3.amazonaws.com/s3fs-public/styles/image_750x422/public/senalradionica/articulo-noticia/galeriaimagen/jon_0.jpg?itok=dwi5EBh2;
https://fotos02.lne.es/2017/10/06/690x278/voz-jon-1.jpg;
https://cdn-images-1.medium.com/max/1600/1*HZA8ZBJ1GB1R-8SxgzwBBA.jpeg;
https://lafrikileria.com/45775-home_default/figura-jon-snow-juego-de-tronos-18-cm-mcfarlane.jpg;
https://cnnespanol2.files.wordpress.com/2016/06/160617153335-game-of-thrones-snow-ramsay-780x439.jpg?quality=100&strip=info&w=460&h=260&crop=1;
https://ocio.diariodemallorca.es/img_contenido/noticias/2013/12/251542/snow.jpg;
https://i.promecal.es/IMG/2019/56B21D72-EF10-4AEE-C9A6D565F436756D.JPG;
https://hips.hearstapps.com/es.h-cdn.co/fotoes/images/noticias-cine/no-sabes-nada-jon-nieve/you-know-nothing-jon-snow/50090277-1-esl-ES/you-know-nothing-jon-snow.jpg?resize=480:*;
https://i1.wp.com/lossietereinos.com/wp-content/uploads/2013/01/Jon-Nieve.jpg?fit=1401%2C2100&ssl=1;
https://e00-expansion.uecdn.es/assets/multimedia/imagenes/2019/02/07/15495424430319_1300x0.jpg;
https://piks-eldesmarqueporta.netdna-ssl.com/thumbs/680/bin/2019/04/30/jon_snow_viserion_8x03.jpg;
https://disfracesbacanal.com/23958-large_default/capa-de-jon-nieve-para-hombre.jpg;
https://i.pinimg.com/originals/f8/af/77/f8af7702b2c7b07a7c809de6c00cd550.jpg;
https://img-cdn.hipertextual.com/files/2016/06/82639965_game-of-thrones-season-2-jon-snow.jpg?strip=all&lossy=1&quality=70&ssl=1;
https://naukas.com/fx/uploads/2014/04/image.jpg;
https://e00-elmundo.uecdn.es/assets/multimedia/imagenes/2017/08/24/15035913682444.gif;
https://cde.laprensa.e3.pe/ima/0/0/1/3/2/132937.jpg;
http://frikicorner.es/WebRoot/Store24/Shops/bbe70740-ba68-4af0-bb82-8dc73ea3b390/574E/F41E/224B/FD2C/AC02/0A48/355B/549E/HTB1ScfMHVXXXXakXVXXq6xXFXXXB.jpg;
https://www.alfabetajuega.com/wp-content/uploads/2018/12/desdentado.jpg;
https://img.peru21.pe/files/ec_article_multimedia_gallery/uploads/2019/04/14/5cb3e9fdbdd3c.jpeg;
https://www.diariocritico.com/fotos/1/284166_got-game-of-thrones-33960353-612-458.jpg;
https://soymotor.com/sites/default/files/usuarios/redaccion/portal/mmunoz/juego-tronos-monza-5-f1-soymotor.jpg;
https://ocio.laprovincia.es/img_contenido/noticias/2015/01/377281/got_jon_nieve_defiende_violencia.jpg;
http://culto.latercera.com/wp-content/uploads/2017/08/courtesy-of-hbo-photo-1.jpg;
https://image.europafm.com/clipping/cmsimages01/2017/09/07/0CC72F4C-6ACD-4442-833B-B4FA0B11B295/51.jpg;
https://www.lavanguardia.com/r/GODO/LV/p4/WebSite/2017/07/11/Recortada/img_psola_20170711-111249_imagenes_lv_terceros_jdt-kzAH-U424052841255t0D-992x558@LaVanguardia-Web.jpg;
http://www.espadasymas.com/files/imgs/web/daho3000-904-busto-jon-snow--jon-nieve--15-cm-juego-tronos-13713.jpg;
https://ocio.laopinioncoruna.es/img_contenido/noticias/2016/07/513811/ned_satark.jpg;
http://as01.epimg.net/epik/imagenes/2019/01/04/portada/1546601322_254177_1546601369_noticia_normal.jpg;
https://www.comicalia.com/13807-large_default/jon-nieve-figura-15-cm-legacy-action-figures-game-of-thrones.jpg;
https://cdn.wallapop.com/images/10420/3h/p8/__/c10420p211129491/i475137963.jpg?pictureSize=W640;
https://hips.hearstapps.com/hmg-prod.s3.amazonaws.com/images/juego-de-tronos-kit-haringt-1553410053.jpg?resize=480:*;
https://i.ytimg.com/vi/Z1v8_vY26hM/hqdefault.jpg;
http://www.exclusivadigital.com/userfiles/Jon%20Snow%20JuegoDeTronos.jpg;
https://los40es00.epimg.net/los40/imagenes/2017/08/11/album/1502460933_160581_1502460987_portada_normal.jpg;
https://www.bolsamania.com/cine/wp-content/uploads/2016/07/17-1-600x338.jpg;
https://www.elespectador.com/sites/default/files/jon.jpg;
https://i.avoz.es/default/2016/04/12/00121460466506282656765/Foto/jonsnow.jpg;
https://www.caganer.com/2281-large_default/caganer-jon-nieve.jpg;
https://www.rockandpop.cl/wp-content/uploads/2017/08/Linea-Stark-Targaryen.png;
https://img.buzzfeed.com/buzzfeed-static/static/2017-05/8/9/asset/buzzfeed-prod-fastlane-03/sub-buzz-16721-1494250122-6.jpg?downsize=700:*&output-format=auto&output-quality=auto;
https://s03.s3c.es/imag/_v0/770x420/8/8/2/tronos-jon-nieve.jpg;
https://crashcomics.es/12709-large_default/camiseta-talla-l-jon-nieve-the-sword-in-the-darkness-juego-de-tronos.jpg;
https://img.bekia.es/galeria/140000/140413_foto-cartel-temporada-final-juego-tronos-jon-nieve.jpg;
https://lafrikileria.com/35143-large_default/memoria-usb-tribe-jon-nieve-juego-de-tronos-16-gb.jpg;
https://cdn2.vogue.es/uploads/images/thumbs/es/vog/2/s/2017/21/vogue_news_548642584_1200x630.jpg;
https://fotografias.antena3.com/clipping/cmsimages02/2019/03/11/74D558F9-C052-49AD-A558-D5BA251569A4/58.jpg;
https://media-cdn.tripadvisor.com/media/photo-s/11/14/ab/14/jon-nieve-y-su-lobo.jpg;
https://sevilla.abc.es/media/sevilla/2018/05/22/s/actores-juego-tronos-kwYF--620x349@abc.JPG;
https://s3-eu-west-1.amazonaws.com/cinemania-cdn/wp-content/uploads/2017/04/25124655/jon-nieve-traductores.jpg;
https://cronicaglobal.elespanol.com/uploads/s1/52/53/77/7/daenerys-jon-snow-juego-tronos.jpeg;
https://img.huffingtonpost.com/asset/5c8bab3d2000009e0470f602.jpeg?ops=300_219;
https://poptv.orange.es/wp-content/uploads/sites/3/2018/06/jueg-de-tronos-jon-espada.jpg;
https://www.luciasecasa.com/contents/uploads/2018/06/boda-de-Jon-Nieve-e-Ygritte-7.jpg;
https://i1.wp.com/lossietereinos.com/wp-content/uploads/2014/05/jon_snow_and_ghost_by_guillemhp-d4dbeqy.jpg;
https://static.elnortedecastilla.es/www/multimedia/201707/19/media/cortadas/Tu-a-Desembarco-y-yo-a-Invernalia-los-deseos-de-Sophie-Turner-para-la-temporada-7-de-Juego-de-Tronos_landscape-600x381-kvGH--624x385@El%20Norte.jpg;
https://s.yimg.com/ny/api/res/1.2/z4f7zS6_nqwP9vdVTJ8BzA--~A/YXBwaWQ9aGlnaGxhbmRlcjtzbT0xO3c9MTI4MDtoPTk2MA--/https://media.zenfs.com/es/diez_minutos_spain_582/7803bac7c0dabf892f0350103b4fb6bd;
https://vignette.wikia.nocookie.net/hieloyfuego/images/f/f3/Jon_y_Fantasma_by_Magali_Villeneuve%C2%A9.jpg/revision/latest/scale-to-width-down/260?cb=20190303193134;
https://www.ecestaticos.com/image/clipping/654/fea0556df60b995d6d1fd8b2960943c9/imagen-del-primer-episodio-de-juego-de-tronos-hbo.jpg;
https://www.xlsemanal.com/wp-content/uploads/sites/3/2018/03/kit-harington-jon-nieve-en-juego-de-tronos-9-295x300.jpg;
https://fotografias.lasexta.com/clipping/cmsimages01/2019/01/14/A55B4773-7E23-4CC9-A353-66EDC45F2AE8/63.jpg;
https://static3.diariovasco.com/www/multimedia/201710/11/media/cortadas/28317905-U309537107900kG-U40998263289a0H-624x358@Diario%20Vasco-DiarioVasco.JPG;
https://img.europapress.es/fotoweb/fotonoticia_20170813180454_640.jpg;
https://ocio.lne.es/img_contenido/noticias/2015/12/469980/jon_snow_otras_series.jpg;
https://www.disfracestorrente.com/146477-large_default/disfraz-de-caballero-medieval-braveheart.jpg;
https://statics.memondo.com/p/s1/crs/2016/09/CR_1020120_1f1bc493ba4c46b493f0cbe4e86a735d_jon_nieve_thumb_fb.jpg?cb=1345996;
https://static2.elcomercio.es/www/multimedia/201710/11/media/cortadas/broma-kit-kT1H-U40100378624353F-624x385@El%20Comercio.jpg;
https://areajugones.sport.es/wp-content/uploads/2017/06/ned-stark-jon-snow.jpg;
https://www.pequenosplaceres.es/wp-content/uploads/2018/08/pin-jon-snow-juego-tronos-pequenos-placeres-1.jpg;
https://fotos00.diariodeibiza.es/mmp/2018/05/04/328x206/juegodetronos-jonnieve-daenerys.jpg;
https://cadenaser00.epimg.net/emisora/imagenes/2016/07/11/radio_murcia/1468246858_791800_1468247208_noticia_normal.jpg;
https://fotografias-neox.atresmedia.com/clipping/cmsimages01/2017/06/30/4E5BFAC3-17AC-4581-AC20-153B19B9A9AE/58.jpg;
https://www.loottis.com/wp-content/uploads/2017/08/Espada-en-la-nieve-de-Jon-Nieve-juego-de-Tronos.jpg;
https://static3.eldiariomontanes.es/www/pre2017/multimedia/noticias/201610/21/media/cortadas/jon-nieve-kU7H-U203719141728RBC-575x323@Diario%20Montanes.jpg;
http://es.web.img2.acsta.net/r_640_360/newsv7/15/10/06/16/57/376999.jpg;
http://fotos01.superdeporte.es/mmp/2015/06/05/318x200/jon-nieve-tyrion-salvo.jpg;
https://estaticos.elperiodico.com/resources/jpg/2/5/padre-jon-nieve-1467394823652.jpg;
https://static.chollometro.com/threads/thread_full_screen/default/147895_1.jpg;
https://www.valonkhar.com/wp-content/uploads/2018/04/135528-Game_of_Thrones-Jon_Snow-direwolves-the_wall-snow-artwork-Nights_Watch-fantasy_art-748x421.png;
http://culto.latercera.com/wp-content/uploads/2017/10/CULTO-SPOILER.gif;
https://hips.hearstapps.com/es.h-cdn.co/coses/images/famosos/peliculas-series/se-confirma-jon-nieve-y-daenerys-targaryen-podrian-llegar-a-tener-una-relacion/145872-1-esl-ES/se-confirma-jon-nieve-y-daenerys-targaryen-podrian-llegar-a-tener-una-relacion.jpg?resize=480:*;
https://www.alfabetajuega.com/wp-content/uploads/2018/11/95592.alfabetajuega-jon-nieve-juego-de-tronos-080115.jpg;
http://images.vertele.eldiario.es/2017/08/29/noticias/Jon-Nieve-aplaudido-Juego-Tronos_1934816513_8778530_660x371.jpg;
https://staticr1.blastingcdn.com/media/photogallery/2016/4/30/660x290/b_620x273/era-un-secreto-a-voces-jon-nieve-resucita_693039.jpg;
https://media.game.es/ScreenShootsV2/162/162389/00_xxl.gif;
https://cdn.hobbyconsolas.com/sites/navi.axelspringer.es/public/media/image/2013/08/239706-estatua-dark-horse-jon-nieve-fantasma.jpg;
https://i.ytimg.com/vi/-kEirCIyep8/maxresdefault.jpg;
https://static.fnac-static.com/multimedia/Images/ES/NR/3d/09/44/4458813/1540-1.jpg;
https://as00.epimg.net/deportes_accion/imagenes/2017/07/17/nieve/1500315333_320703_1500315476_noticia_normal.jpg;
https://www.dessata.com/wp-content/uploads/2017/09/jon-snow-1.gif;
https://www.iagua.es/sites/default/files/styles/thumbnail-830x455/public/39-jon-snow-and-ghost.jpg?itok=5p3pi3du;
https://www.mundodeportivo.com/r/GODO/MD/p5/MasQueDeporte/Imagenes/2018/11/26/Recortada/img_mguadilla_20181126-112542_imagenes_md_otras_fuentes_dl_u413887_048-ksyC-U453170637157ZuC-980x554@MundoDeportivo-Web.jpg;
https://fotos02.farodevigo.es/2018/06/24/328x206/jon-nieve.jpg;
https://www.gigantes.com/wp-content/uploads/2015/12/QuinoColomNieve.jpg;
https://static.ideal.es/www/multimedia/201708/09/media/cortadas/jon-kPrE-U40521269274O8D-624x385@Ideal.jpg;
https://cdn1.cinemascomics.com/wp-content/uploads/2018/08/jon-nieve-daenerys-targaryen-final-juego-de-tronos.jpg;
https://i.avoz.es/default/2017/12/18/00121513633562685603420/Foto/j18d7090.jpg;
http://s04.s3c.es/imag/_v0/770x420/b/7/c/juego-tronos-770-1.jpg;
https://static1.elnortedecastilla.es/www/multimedia/201707/19/media/cortadas/daenerys-temporada-7-juego-de-tronos-kvGH-U40380103165kHF-624x385@El%20Norte.jpg;
http://www.tusdisfracesbaratos.es/39997-large_default/capa-jon-nieve-vigilante-del-muro-del-trono-t-52.jpg;
https://sgfm.elcorteingles.es/SGFM/dctm/MEDIA03/201712/15/00183180106847____2__640x640.jpg;
https://cdn2.glamour.es/uploads/images/thumbs/es/glam/4/s/2017/33/jon_nieve_y_daenerys_targaryen_5057_620x349.jpg;
https://www.okchicas.com/wp-content/uploads/2017/08/JON-SNOW.jpg;
https://www.merca2.es/wp-content/uploads/2017/01/jon-nieve-muro-invernalia-e1484913962616.jpg;
https://static1.elcorreo.com/www/pre2017/multimedia/noticias/201508/03/media/cortadas/jon-nieve-almeria--490x490.jpg;
http://static.t13.cl/images/original/2016/05/1462802584-1462193374-jon-snow-lives.jpg;
https://s5.eestatic.com/2017/09/27/actualidad/Actualidad_249986398_48325566_1024x576.jpg;
https://ae01.alicdn.com/kf/HTB1e2tGaukJL1JjSZFmq6Aw0XXaz/2018-Juego-de-tronos-disfraz-Jon-nieve-traje-con-abrigo-Halloween-ropa-hombre-Cosplay-disfraz-top.jpg;
https://fotografias-neox.atresmedia.com/clipping/cmsimages01/2017/06/30/28925A60-FD33-4FB6-8B00-48523AD3D2F8/58.jpg;
